{
  "generated": "2025-12-06T07:47:54+00:00",
  "version": "1.0.0",
  "description": "Dominant color palette for each asset - use for CSS placeholder backgrounds",
  "colors": {
    "BRANDAsset-PhygitalIP-BroussardBayouBBQ": "#f3f1f0",
    "BRANDAsset-PhygitalIP-Port51Confectionarium": "#fbfbfc",
    "BRANDAsset-Typography3D-AlchemicalArtisans": "#fcfcfc",
    "BRANDAsset-Typography3D-ShaXinWei": "#fcfdfd",
    "BRANDAsset-Typography3D-VangelisLympouridis": "#fcfcfc",
    "BRANDAsset-WarriorPrincess-CharacterConcept": "#6e7f92",
    "BRANDAsset-WarriorPrincess-Render51": "#7e7d7e",
    "BRANDwork-EnchantSite-Collage2": "#94a2ae",
    "BRANDwork-EnchantSite-Collage4": "#8c9daa",
    "BRANDwork-EnchantSite-Collage6": "#707d8c",
    "BRANDwork-EnchantSite-Collage7": "#898882",
    "BRANDwork-EnchantSite-Collage8": "#8c8e94",
    "BRANDwork-ProjectionMapping-CircuitNeuron": "#14151c",
    "BRANDwork-ProjectionMapping-CosmicEye": "#171716",
    "BRANDwork-ProjectionMapping-GridMatrix": "#201c28",
    "BRANDwork-ProjectionMapping-OceanForge": "#153a44",
    "BRANDwork-ProjectionMapping-SciFi": "#14191a",
    "BRANDwork-ProjectionMapping-Vintage": "#2f2926",
    "BRANDwork-StageProduction-GhostProjection": "#2c2421",
    "BRANDwork-StageProduction-PrisonScene": "#38313a",
    "BRANDwork-WarriorPrincessOz-ArenaLayout": "#625752",
    "BRANDwork-WarriorPrincessOz-EmeraldCrystals": "#38413b",
    "BRANDwork-WarriorPrincessOz-StageSet": "#293738",
    "aether-brand-ctch-logotype": "#737a8a",
    "aether-brand-logo-main": "#6885a3",
    "aether-ip-maryjane-mainframe": "#684841",
    "aether-ip-metamorphasis-apothecary": "#4f6e74",
    "aether-ip-tales-of-lucidia": "#978685",
    "aether-portfolio-batb-setdesign": "#3f4042",
    "aether-portfolio-candlelight-venue": "#411607",
    "aether-portfolio-enchant-daytime": "#5c6874",
    "aether-portfolio-enchant-lights-01": "#58564e",
    "aether-portfolio-enchant-lights-02": "#56585f",
    "aether-portfolio-enchant-retail": "#5d4534",
    "aether-portfolio-killmove-01": "#31393a",
    "aether-portfolio-killmove-02": "#36383c",
    "aether-team-cofounder-shaxinwei": "#b6afad",
    "aether-team-cofounder-vangelis": "#c4bfc2",
    "aether-team-founder-ctch": "#8c8878"
  }
}
