{
  "BRANDAsset-PhygitalIP-BroussardBayouBBQ": {"width": 1200, "height": 675, "aspectRatio": 1.777},
  "BRANDAsset-PhygitalIP-Port51Confectionarium": {"width": 1200, "height": 675, "aspectRatio": 1.777},
  "BRANDAsset-Typography3D-AlchemicalArtisans": {"width": 1200, "height": 675, "aspectRatio": 1.777},
  "BRANDAsset-Typography3D-ShaXinWei": {"width": 1200, "height": 675, "aspectRatio": 1.777},
  "BRANDAsset-Typography3D-VangelisLympouridis": {"width": 1200, "height": 675, "aspectRatio": 1.777},
  "BRANDAsset-WarriorPrincess-CharacterConcept": {"width": 1200, "height": 675, "aspectRatio": 1.777},
  "BRANDAsset-WarriorPrincess-Render51": {"width": 1200, "height": 1600, "aspectRatio": 0.750},
  "BRANDwork-EnchantSite-Collage2": {"width": 1200, "height": 675, "aspectRatio": 1.777},
  "BRANDwork-EnchantSite-Collage4": {"width": 1200, "height": 675, "aspectRatio": 1.777},
  "BRANDwork-EnchantSite-Collage6": {"width": 1200, "height": 675, "aspectRatio": 1.777},
  "BRANDwork-EnchantSite-Collage7": {"width": 1200, "height": 675, "aspectRatio": 1.777},
  "BRANDwork-EnchantSite-Collage8": {"width": 1200, "height": 675, "aspectRatio": 1.777},
  "BRANDwork-ProjectionMapping-CircuitNeuron": {"width": 1200, "height": 553, "aspectRatio": 2.169},
  "BRANDwork-ProjectionMapping-CosmicEye": {"width": 1200, "height": 553, "aspectRatio": 2.169},
  "BRANDwork-ProjectionMapping-GridMatrix": {"width": 1200, "height": 553, "aspectRatio": 2.169},
  "BRANDwork-ProjectionMapping-OceanForge": {"width": 1200, "height": 553, "aspectRatio": 2.169},
  "BRANDwork-ProjectionMapping-SciFi": {"width": 1200, "height": 553, "aspectRatio": 2.169},
  "BRANDwork-ProjectionMapping-Vintage": {"width": 1200, "height": 553, "aspectRatio": 2.169},
  "BRANDwork-StageProduction-GhostProjection": {"width": 1200, "height": 609, "aspectRatio": 1.970},
  "BRANDwork-StageProduction-PrisonScene": {"width": 1200, "height": 651, "aspectRatio": 1.843},
  "BRANDwork-WarriorPrincessOz-ArenaLayout": {"width": 1024, "height": 484, "aspectRatio": 2.115},
  "BRANDwork-WarriorPrincessOz-EmeraldCrystals": {"width": 1200, "height": 675, "aspectRatio": 1.777},
  "BRANDwork-WarriorPrincessOz-StageSet": {"width": 1200, "height": 675, "aspectRatio": 1.777},
  "aether-brand-ctch-logotype": {"width": 2000, "height": 1125, "aspectRatio": 1.777},
  "aether-brand-logo-main": {"width": 2000, "height": 1125, "aspectRatio": 1.777},
  "aether-ip-maryjane-mainframe": {"width": 2000, "height": 1125, "aspectRatio": 1.777},
  "aether-ip-metamorphasis-apothecary": {"width": 2000, "height": 1125, "aspectRatio": 1.777},
  "aether-ip-tales-of-lucidia": {"width": 2000, "height": 1125, "aspectRatio": 1.777},
  "aether-portfolio-batb-setdesign": {"width": 2000, "height": 666, "aspectRatio": 3.003},
  "aether-portfolio-candlelight-venue": {"width": 2000, "height": 1125, "aspectRatio": 1.777},
  "aether-portfolio-enchant-daytime": {"width": 2000, "height": 1125, "aspectRatio": 1.777},
  "aether-portfolio-enchant-lights-01": {"width": 2000, "height": 1125, "aspectRatio": 1.777},
  "aether-portfolio-enchant-lights-02": {"width": 2000, "height": 1125, "aspectRatio": 1.777},
  "aether-portfolio-enchant-retail": {"width": 2000, "height": 1125, "aspectRatio": 1.777},
  "aether-portfolio-killmove-01": {"width": 2000, "height": 1125, "aspectRatio": 1.777},
  "aether-portfolio-killmove-02": {"width": 2000, "height": 1125, "aspectRatio": 1.777},
  "aether-team-cofounder-shaxinwei": {"width": 2000, "height": 1125, "aspectRatio": 1.777},
  "aether-team-cofounder-vangelis": {"width": 2000, "height": 1125, "aspectRatio": 1.777},
  "aether-team-founder-ctch": {"width": 2000, "height": 1125, "aspectRatio": 1.777}
}
